﻿<?xml version="1.0" encoding="utf-8"?>
<state xmlns:xsi="http://www.w3.org/2001/XMLSchema-instance" xmlns:xsd="http://www.w3.org/2001/XMLSchema" name="27/05/2014 03:41:40 p. m." g="3475ab8e-9483-4506-b331-299e02a1f32f" context="0" flags="6" type="1" w="720" h="540" fontname="Articulate">
	<components>
		<component>C:\Program Files (x86)\Common Files\Articulate\Shared\1.0\Player.swf</component>
		<component>C:\Program Files (x86)\Common Files\Articulate\Shared\1.0\Frames\ccSmoothFrame.swf</component>
		<component>C:\Program Files (x86)\Common Files\Articulate\Shared\1.0\Windows\ccSmoothWindow.swf</component>
		<component>C:\Program Files (x86)\Common Files\Articulate\Shared\1.0\Windows\ccAudioWindow.swf</component>
		<component>C:\Program Files (x86)\Common Files\Articulate\Shared\1.0\Text\ccText.swf</component>
		<component>C:\Program Files (x86)\Common Files\Articulate\Shared\1.0\Buttons\ccSmoothWndButton.swf</component>
		<component>C:\Program Files (x86)\Common Files\Articulate\Shared\1.0\ImageObject\ccSmoothImage.swf</component>
		<component>C:\Program Files (x86)\Common Files\Articulate\Shared\1.0\Radio Buttons\ccSmoothRadio.swf</component>
		<component>C:\Users\David Zahid\Documents\Noveno Semestre\Proyecto Final de Carrera II\Proyecto Objeto de Aprendizaje\Objeto de Aprendizaje\articulate\Evaluación 2 - Quizmaker output\text.swf</component>
	</components>
</state>